name,phone
Blu Iris,08197751381
I 5 Boutique Hotel,09740126441
Simsan Hotel,07041555084
Day Inn,08861869820
J R Residency,08487835060
Country Club Lee Crysstal Boutique Hotel,09035393759
Fen Breeze,08197170912
Ambassador Pallava Hotel,08197229841
Jeyam Residency,07041389713
Ulo Hotels,Show Number
Hotel Pandian,08460220988
Gt Empire Hotel,08460538487
Hotel Arunaa Inn,08123281413
Ashok Residency,09731747400
Balaji Residency,Show Number
Jaag Hotel,07048522527
Royal Residency,09740276507
Hotel SRM Central Park,08401144352
Hilarity Inn,09731648477
Super Townhouse Koyambedu Formerly Royal Plaza,07411667811
Maharashtra Building Trust,Show Number
Venture Park,09035238138
The Whiteglow Elite Serviced Apartment,09980371957
Marina Square,Show Number
Jai Residency,Show Number
Super Hotel O Sipcot Irungattukottai Formerly Radha Residency,07411668331
Grand View Residency,Show Number
Simsan Hotel,07041555084
Muthu Residency,08147017299
Jaag Hotel,07048522527
Ecr Group Of Hotels Resorts Sea Lounge And Banquet Hall,Show Number
Gt Empire Hotel,08460538487
Maple Tree Hotels,08147005775
The Bentleysea Side Boutique Hotel,09740440536
Hotel Mount Heera,Show Number
Balaji Residency,08147838835
Amutha Residency,09731647498
Keys Select Hotel Katti Ma,Show Number
Esthell Continental Hotels and Resorts,08197676306
Hotel A K International,08128879521
Grace Service Apartment,08861623597
The Bentleysea Side Boutique Hotel,09740440536
Jaag Hotel,07048522527
Hariharan Residency,08197179949
Gt Empire Hotel,08460538487
Super Hotel O Sipcot Irungattukottai Formerly Radha Residency,07411668331
Raj Park Residency,Show Number
Balaji Residency,Show Number
Neighbour Inn Hospitality Pvt Ltd,09606421882
The Whiteglow Elite Serviced Apartment,09980371957
Tulip Residency,08733086913
Mtc Guest House,09740232213
Chennai Stayz,08197212614
Vijay Residency,08147939649
Sri Sai Residency,Show Number
4u Business Class Hotel,Show Number
Metro Grand Hotel,08861850481
Hotel Udayam Towers,08147940551
Sri Arasappar Park,Show Number
Country Club Lee Crysstal Boutique Hotel,09035393759
Ulo Hotels,Show Number
Nestlay Rooms,08197289867
Chennai Stayz,08197212614
Seashell Park,Show Number
Muthu Residency,08147017299
Tulip Residency,08733086913
The Whiteglow Elite Serviced Apartment,09980371957
Elite Beach Resorts,07405786736
4u Business Class Hotel,Show Number
S S K Residency,07048629950
Elite Beach Resorts,07405786736
Maharashtra Building Trust,Show Number
The Whiteglow Elite Serviced Apartment,09980371957
Amutha Residency,09731647498
Gvs Residency,09740230368
Super Townhouse Oak Alandur Near Chennai Airport,08904982383
Jaijosh,09731824682
Rich Inn,08401985581
Tulip Residency,08733086913
Al Noor Residency Business Class Hotel,08460267667
Happy Homes Service Apartments,08401318520
Ulo Hotels,Show Number
Maharashtra Building Trust,Show Number
Hotel Silver Cloud,08105335392
Eco Stay,08460235681
Hotel Sri Durga,Show Number
Neighbour Inn Hospitality Pvt Ltd,09606421882
Dna Hotels,07048409549
C N Guest House,Show Number
City Club INDIA Pvt Ltd,09740016610
Grace Service Apartment,08861623597
Sss Towers,Show Number
Vijay Residency,08147939649
Marina Square,Show Number
Daylight Stays,08460530329
Hotel O Pallavaram Near Airport,09980645075
Hotel Supreme Lodge,08147637416
Dna Hotels,07048409549
Ml Residency,08861819897
Jaijosh Halls Lawns Resorts For Event & Function,08460413463
Shappy Inn,09731933315
City Club INDIA Pvt Ltd,09740016610
Sm Guest House,Show Number
Pinakin Stay,08105035376
Al Noor Residency Business Class Hotel,08460267667
Ip Service Apartment,09740232950
Glads Resort,08197356192
Cozy Inn,Show Number
Urvashi Residency,08401224792
Seabreeze Beach House,08123877208
Vatchala Service Apartments & Guest House,08296599391
Frankfurt Livings,08460494995
Cozy Inn,Show Number
Rsd Hifi Pg For Men,07048468177
Urvashi Residency,08401224792
Vsr Womens Park,08123984599
Avvai Ram Service Apartment,Show Number
Nimalan Residency,08147148245
3 Star Guest House,08197052298
Barefootcastle Ecr,08147439739
Ruchi Homes Ladies Hostel,08197634945
Avvai Ram Service Apartment,Show Number
3 Star Guest House,08197052298
Sree Surya Womens Hostel,08123862801
Cozy Inn,08197227912
Ecr Star Rooms,08460681672
Vatchala Service Apartments & Guest House,08296599391
Raja Stays (Luxury Mens Hostel),08147936166
Aj Ladies Hostel (Perungalathur Branch),08050081837
Avvai Ramanathan Service Apartment,09606410815
St Michael Serviced Apartments,Show Number
Barefootcastle Ecr,08147439739
Nimalan Residency,08147148245
Tharshini Ladies Hostel,09740358057
Kalaimagal Mens Hostel,09740307240
Aj Ladies Hostel (Perungalathur Branch),08050081837
SAI HOMESTAYS MEN'S PG (Affordable Luxury),07411562312
Royal Palace,08147352614
Mass Royal Club,Show Number
Rm Pg Gens Hostel,08147805165
Kalaimagal Mens Hostel,09740307240
Tharshini Ladies Hostel,09740358057
Rudhran Hostel,Show Number
Gkm Ladies Pg,08147144839
Ecr Moonlight Resort,08511046345
Nagajothy Ladies Hostel,08296559612
Raja Stays (Luxury Mens Hostel),08147936166
Raja's Royal Mens Hostel,09731656938
Hpple Stay,08147569383
Aj Ladies Hostel (Perungalathur Branch),08050081837
Simsan Hotel,07041555084
I 5 Boutique Hotel,09740126441
Gkv Service Apartment,07048456276
Jeyam Residency,07041389713
J R Residency,08487835060
Hotel Pandian,08460220988
Nestlay Rooms,08197289867
Ulo Hotels,Show Number
Keys Select Hotel Katti Ma,Show Number
The Vijay Park,08128211689
Blu Iris,08197751381
I 5 Boutique Hotel,09740126441
Simsan Hotel,07041555084
Gkv Service Apartment,07048456276
J R Residency,08487835060
Royal Residency,09740276507
Days Hotel,Show Number
The Vijay Park,08128211689
Ambassador Pallava Hotel,08197229841
Balaji Residency,Show Number
Marina Square,Show Number
Jeyam Residency,07041389713
The Vijay Park,08128211689
Fen Breeze,08197170912
Vestin Park Hotel,07048456205
The Bentleysea Side Boutique Hotel,09740440536
Sss Towers,Show Number
Keys Select Hotel Katti Ma,Show Number
Jaag Hotel,07048522527
Ambassador Pallava Hotel,08197229841
Blu Iris,08197751381
I 5 Boutique Hotel,09740126441
Simsan Hotel,07041555084
Gkv Service Apartment,07048456276
J R Residency,08487835060
Kuber Inn,09740274583
Arun Prasath Park,06366433397
Country Club Lee Crysstal Boutique Hotel,09035393759
4u Business Class Hotel,Show Number
Hotel SRM Grands,08401283534
Fen Breeze,08197170912
Esthell Continental Hotels and Resorts,08197676306
The Bentleysea Side Boutique Hotel,09740440536
Jeyam Residency,07041389713
Venture Park,09035238138
Maple Tree Hotels,08147005775
Vestin Park Hotel,07048456205
Ambassador Pallava Hotel,08197229841
Jaag Hotel,07048522527
Simsan Hotel,07041555084
